{
  "nodes": [],
  "active_links": {
    "AP1\u2192R1\u2192UE1 (Connect)": {
      "ap": "AP1",
      "ris": "R1",
      "ue": "UE1",
      "snr_dB": 20.970648663776725,
      "pwr_dBm": -73.61745380481217,
      "beam_angle_local": -22.45947967375929,
      "beam_angle_absolute": 135.08104065248148,
      "ris_normal_angle": 157.54052032624077,
      "gain_dBi": 28.353898380928424,
      "quant_loss_dB": -1.6706302630375602,
      "source": "connect",
      "current_phases": [
        5.97655375821634,
        1.6160513634190679,
        3.7200233211401112,
        6.044124241895709,
        2.3494193693020478,
        5.249472393200477,
        2.2232679123599333,
        5.8738394007141395,
        3.6555422177427133,
        1.851561670625241,
        0.4411717855229256,
        5.6708950100408195,
        4.929005516691628,
        4.451495537172768,
        4.194114520688451,
        4.118022549542879,
        3.834348546390494,
        5.598558944266131,
        1.2512202144336086,
        3.4028814519637365,
        5.823828740472855,
        2.2916628726841353,
        5.434926758179493,
        2.740271053396505,
        0.5219738704250787,
        5.063220516444801,
        3.7665475721861696,
        2.862119074032041,
        2.2877627267596594,
        1.9826924304662654,
        1.8934367943559316,
        1.9758173377170287,
        1.8734323799033774,
        3.469517397405035,
        5.220564130315928,
        0.8916212513193429,
        3.1119772951311973,
        5.676191267706024,
        2.387723549393737,
        5.89279049104783,
        3.6744933080764035,
        2.0160173076590446,
        0.8678906600284808,
        0.15026762869038635,
        6.0596878332948485,
        5.9520363463485815,
        6.0475805546744255,
        0.014901171229915633,
        0.13264517645081497,
        1.5562905107270026,
        3.109918434290769,
        4.842569316365719,
        0.5411326081570031,
        2.86852504339101,
        5.662957558792115,
        2.76694368982589,
        0.5486465068544675,
        5.291251317057425,
        4.34340974289305,
        3.8626082488957785,
        3.7274505911616416,
        3.841390650323426,
        4.134353667996393,
        4.557299274956936,
        4.939422794008166,
        6.195534982207548,
        1.2653863538944634,
        2.759429791128433,
        4.464574502415516,
        0.20868796725529393,
        2.7239035804923546,
        5.93317062970204,
        3.7148734467306177,
        2.3521973387576622,
        1.6835726667573336,
        1.5028648359747008,
        1.6443110659243487,
        1.9968585699271202,
        2.490412832297352,
        3.0808915853347045,
        3.774587693698436,
        4.881666297390254,
        6.047897509440716,
        1.021934102154276,
        2.42698515022672,
        4.086579688465314,
        6.203498285418293,
        2.8354844065131743,
        0.617187223541749,
        5.831792043683601,
        5.5614643879673515,
        5.748460790965495,
        6.190000684129785,
        0.4961844182937867,
        1.1765441474800582,
        1.9160564850249706,
        2.9666803958293144,
        3.960042058677452,
        4.9777269740998555,
        6.034663800526811,
        0.8773126392556208,
        2.138610161210135,
        3.7085848745151004,
        6.076442724383761,
        3.8581455414123367,
        3.336878632780409,
        3.613494860712173,
        4.198788279994395,
        4.919545075322732,
        5.709199190132512,
        0.25491990876725623,
        1.1081491871558562,
        2.552363759975364,
        3.4836835368658896,
        4.417905791545788,
        5.356947114532012,
        0.02169156425715002,
        0.9888934652764423,
        2.011554600175602,
        3.3305900605648935,
        1.112292877593469,
        1.6398483584409096,
        2.46377816477848,
        3.3431672049959227,
        4.241828389327932,
        5.149378007578445,
        6.06174669413528,
        0.6938325513019024,
        2.552363759975364,
        3.4836835368658896,
        4.417905791545788,
        5.356947114532012,
        0.02169156425715002,
        0.9888934652764423,
        2.011554600175602,
        3.3305900605648935,
        1.112292877593469,
        1.6398483584409096,
        2.46377816477848,
        3.3431672049959227,
        4.241828389327932,
        5.149378007578445,
        6.06174669413528,
        0.6938325513019024,
        2.9666803958293144,
        3.960042058677452,
        4.9777269740998555,
        6.034663800526811,
        0.8773126392556208,
        2.138610161210135,
        3.7085848745151004,
        6.076442724383761,
        3.8581455414123367,
        3.336878632780409,
        3.613494860712173,
        4.198788279994395,
        4.919545075322732,
        5.709199190132512,
        0.25491990876725623,
        1.1081491871558562,
        3.774587693698429,
        4.881666297390247,
        6.047897509440716,
        1.021934102154276,
        2.4269851502267166,
        4.08657968846531,
        6.20349828541829,
        2.835484406513171,
        0.6171872235417455,
        5.831792043683597,
        5.561464387967346,
        5.748460790965491,
        6.190000684129782,
        0.4961844182937867,
        1.1765441474800546,
        1.916056485024967,
        4.939422794008166,
        6.1955349822075405,
        1.2653863538944634,
        2.759429791128433,
        4.464574502415513,
        0.20868796725529393,
        2.7239035804923546,
        5.93317062970204,
        3.7148734467306177,
        2.3521973387576622,
        1.6835726667573336,
        1.5028648359747008,
        1.6443110659243487,
        1.9968585699271202,
        2.490412832297352,
        3.080891585334701,
        0.13264517645081497,
        1.5562905107270097,
        3.109918434290769,
        4.842569316365726,
        0.5411326081570031,
        2.868525043391017,
        5.662957558792122,
        2.7669436898258937,
        0.5486465068544675,
        5.291251317057428,
        4.343409742893053,
        3.8626082488957785,
        3.7274505911616416,
        3.841390650323426,
        4.134353667996397,
        4.557299274956939,
        1.8734323799033774,
        3.469517397405035,
        5.220564130315928,
        0.8916212513193429,
        3.1119772951311973,
        5.676191267706024,
        2.387723549393737,
        5.89279049104783,
        3.6744933080764035,
        2.0160173076590446,
        0.8678906600284808,
        0.15026762869038635,
        6.0596878332948485,
        5.9520363463485815,
        6.0475805546744255,
        0.014901171229915633,
        3.834348546390494,
        5.598558944266131,
        1.2512202144336158,
        3.4028814519637436,
        5.823828740472859,
        2.2916628726841424,
        5.434926758179497,
        2.7402710533965084,
        0.5219738704250823,
        5.0632205164448045,
        3.7665475721861768,
        2.862119074032048,
        2.287762726759663,
        1.982692430466269,
        1.8934367943559387,
        1.9758173377170287,
        5.97655375821634,
        1.6160513634190679,
        3.7200233211401112,
        6.044124241895709,
        2.3494193693020478,
        5.249472393200477,
        2.2232679123599333,
        5.8738394007141395,
        3.6555422177427133,
        1.851561670625241,
        0.4411717855229256,
        5.6708950100408195,
        4.929005516691628,
        4.451495537172768,
        4.194114520688451,
        4.118022549542879
      ],