{
  "nodes": [
    {
      "name": "AP_TX",
      "type": "AccessPoint",
      "pos": [
        0.0,
        0.0,
        0.0
      ],
      "power_dBm": 10.0,
      "freq": 5800000000.0,
      "bandwidth_MHz": 1.0,
      "antenna_gain_dBi": 15.0,
      "noise_figure_dB": 6.0
    },
    {
      "name": "RIS_PANEL",
      "type": "RIS",
      "pos": [
        7.0,
        0.0,
        0.0
      ],
      "N": 16,
      "bits": 1,
      "freq": 5800000000.0,
      "max_angle_deg": 60,
      "current_beam_angle": 45.00000000000001,
      "current_phases_deg": [
        [
          0.0,
          228.1560606891535,
          97.44139536967592,
          327.86084386576556,
          199.41926475135557,
          72.12153557067026,
          305.9725530553034,
          180.97723333682782,
          57.14051215458473,
          294.46734505810593,
          172.96270760369967,
          52.631595544092505,
          293.479025011219,
          175.51003269099942,
          58.729675989584166,
          303.14303319053136
        ],
        [
          52.869422881924685,
          280.60074814373223,
          149.45723270869985,
          19.443731213977777,
          250.5651181321802,
          122.82628800964632,
          356.2321557010143,
          230.78765659941817,
          106.4977468620339,
          343.3674036301668,
          221.40162524352866,
          100.60543144770158,
          340.98386359461887,
          222.5419848350213,
          105.28488030253611,
          349.21765728840273
        ],
        [
          106.1853190078942,
          333.49023983023636,
          201.9161867701907,
          71.46802891267103,
          302.1506562631069,
          173.96898000353937,
          46.9279327452381,
          281.0324687769545,
          156.28756430861512,
          32.69821770949122,
          270.2694497407929,
          149.00630378133212,
          28.913846046190383,
          269.99716579766067,
          152.26137554740916,
          35.71161124950424
        ],
        [
          159.95234449202425,
          26.829210217859742,
          254.82294976497914,
          123.93844628532959,
          354.18060493533153,
          225.5543531503952,
          98.06464091582869,
          331.71644103366816,
          206.51474938496156,
          82.46458518658085,
          319.5709912424452,
          197.83903418802208,
          77.27380472780669,
          317.88041786499747,
          199.6640131225868,
          82.62975475522805
        ],
        [
          214.1752038204346,
          80.62238287721294,
          308.18226374230716,
          176.8597432379567,
          46.659741273711425,
          277.58720113952535,
          149.64708979577617,
          22.844398158815974,
          257.1841413823535,
          132.67135913342977,
          9.31111586276575,
          247.1085010686486,
          126.0686295536394,
          6.196641673699237,
          247.49770357867763,
          129.97700744360378
        ],
        [
          268.8586501021987,
          134.87453074883393,
          1.9989208760042294,
          230.23673056332007,
          99.59289405909334,
          330.0723700926989,
          201.68014218364033,
          74.42121894664201,
          308.3006343924685,
          183.32344822354565,
          59.49474612403207,
          296.81964004333776,
          175.30326847303772,
          54.950796715526266,
          295.7674171448675,
          177.75834945800577
        ],
        [
          324.0074853103142,
          189.59047640155057,
          56.27776374065846,
          284.0742702353354,
          152.98494404169097,
          23.014758896344816,
          254.1687144450469,
          126.45183656762363,
          359.8691776988334,
          234.42581714399836,
          110.12686138930722,
          346.9774444057485,
          224.98272794626862,
          104.14790183516634,
          344.47818424933115,
          225.9788219902458
        ],
        [
          19.626560511887106,
          244.77509228035595,
          111.02368557769123,
          338.3772756935752,
          206.84082424419714,
          76.41931952407522,
          307.11777685486936,
          178.94123893074166,
          51.89477615945666,
          285.9834869987398,
          161.2124982871902,
          37.58696556918793,
          275.1120734129355,
          153.79303572100872,
          33.63509603275217,
          274.6435278175686
        ],
        [
          75.72077608722881,
          300.4333009433793,
          166.24163055038457,
          33.15071211710781,
          261.16552025466916,
          130.29105734883854,
          0.5323539293142462,
          231.8944690357585,
          104.38249057988499,
          338.0015357028567,
          212.75675112748598,
          88.65331350449365,
          325.6964297520592,
          203.89133738815363,
          83.24330485461286,
          323.75763183237837
        ],
        [
          132.2950819370725,
          356.5700752870284,
          221.9365939875746,
          88.39959668668993,
          315.9640705080934,
          184.63503144437695,
          54.417524747349795,
          285.31662531523034,
          157.33743807611222,
          30.485098366922724,
          264.7647723074568,
          140.18165716844456,
          16.740981733352413,
          254.44800665282366,
          133.30802479123744,
          13.326361564539269
        ],
        [
          189.3544776775044,
          53.19043875901597,
          278.11362261516416,
          144.12899883557313,
          11.24156655645931,
          239.45635487497236,
          108.77842326087912,
          339.2128619654592,
          210.76479242680514,
          83.4393676709019,
          317.2417727078856,
          192.17722492259674,
          68.25097445906214,
          305.468304597786,
          183.83453212531552,
          63.355007695299335
        ],
        [
          246.90401282191954,
          110.29946555860622,
          334.7778147749724,
          200.3440404872827,
          67.00315332630123,
          294.76019497314155,
          163.62023859291472,
          33.58838926566773,
          264.6697844140259,
          136.86959422684893,
          10.19302207824889,
          244.64530494125432,
          120.23171379549431,
          356.95755402784783,
          234.8281658258238,
          113.84892456225144
        ],
        [
          304.9487869492987,
          167.9022808232215,
          31.934320630271014,
          257.0498962805383,
          123.25402936319944,
          350.5517736044081,
          218.9482153231554,
          88.44847388486357,
          319.05770215176113,
          190.7810869296499,
          63.62384941022941,
          297.59124560840587,
          172.6885667936474,
          48.92113991483842,
          286.2943280177478,
          164.81353065435422
        ],
        [
          3.4939498584546627,
          226.00406080108337,
          89.58834235728864,
          314.25179378015696,
          179.99944706279777,
          46.83636741869519,
          274.7676537602753,
          143.79843917551915,
          13.933891401592243,
          245.17921329528264,
          117.53964329902247,
          351.0204559025063,
          225.62696209819936,
          101.36450983110082,
          338.238484440938,
          216.25430909657004
        ],
        [
          62.54470170714022,
          284.61003300896334,
          147.7451343220733,
          11.955013673456623,
          237.24471288715208,
          103.61930808729679,
          331.0839102000387,
          199.64366545337754,
          69.30375587480457,
          300.06939978560666,
          171.94585229143206,
          44.938405768439345,
          279.05239034389695,
          154.29317437110265,
          30.6661648971115,
          268.17680812301256
        ],
        [
          122.10629313582318,
