{
  "nodes": [
    {
      "name": "AP1",
      "type": "AccessPoint",
      "pos": [
        1.0002406853652146,
        9.770040030804399,
        0.0
      ],
      "power_dBm": 20.0,
      "freq": 5800000000.0,
      "bandwidth_MHz": 20.0
    }
  ]
}